date,state,city,place_type,confirmed,deaths,is_last,estimated_population,city_ibge_code,confirmed_per_100k_inhabitants,death_rate
2021-10-02,RJ,Niterói,city,56023,2369,True,515317,3303302,10871.56061,0.0423
2021-09-16,RJ,Niterói,city,54981,2275,False,515317,3303302,10669.35498,0.0414
2021-09-15,RJ,Niterói,city,54286,2261,False,515317,3303302,10534.48654,0.0416
2021-09-02,RJ,Niterói,city,53407,2243,False,515317,3303302,10363.91192,0.042
2021-09-01,RJ,Niterói,city,53309,2200,False,515317,3303302,10344.8945,0.0413
2021-08-31,RJ,Niterói,city,53120,2200,False,515317,3303302,10308.21805,0.0414
2021-08-30,RJ,Niterói,city,52950,2201,False,515317,3303302,10275.22865,0.0416
2021-08-29,RJ,Niterói,city,52865,2201,False,515317,3303302,10258.73394,0.0416
2021-08-28,RJ,Niterói,city,52768,2201,False,515317,3303302,10239.91058,0.0417
2021-08-27,RJ,Niterói,city,52638,2201,False,515317,3303302,10214.68339,0.0418
2021-08-26,RJ,Niterói,city,52497,2200,False,515317,3303302,10187.32159,0.0419
2021-08-25,RJ,Niterói,city,52350,2128,False,515317,3303302,10158.79546,0.0406
2021-08-24,RJ,Niterói,city,52292,2128,False,515317,3303302,10147.54025,0.0407
2021-08-23,RJ,Niterói,city,52230,2127,False,515317,3303302,10135.50882,0.0407
2021-08-22,RJ,Niterói,city,52192,2127,False,515317,3303302,10128.13472,0.0408
2021-08-21,RJ,Niterói,city,52154,2126,False,515317,3303302,10120.76062,0.0408
2021-08-20,RJ,Niterói,city,52116,2126,False,515317,3303302,10113.38652,0.0408
2021-08-19,RJ,Niterói,city,52065,2126,False,515317,3303302,10103.4897,0.0408
2021-08-18,RJ,Niterói,city,52000,2126,False,515317,3303302,10090.8761,0.0409
2021-08-17,RJ,Niterói,city,51899,2125,False,515317,3303302,10071.27652,0.0409
2021-08-16,RJ,Niterói,city,51800,2125,False,515317,3303302,10052.06504,0.041
2021-08-15,RJ,Niterói,city,51727,2125,False,515317,3303302,10037.899,0.0411
2021-08-14,RJ,Niterói,city,51665,2124,False,515317,3303302,10025.86757,0.0411
2021-08-13,RJ,Niterói,city,51595,2123,False,515317,3303302,10012.2837,0.0411
2021-08-12,RJ,Niterói,city,51495,2123,False,515317,3303302,9992.87817,0.0412
2021-08-11,RJ,Niterói,city,51375,2088,False,515317,3303302,9969.59153,0.0406
2021-08-10,RJ,Niterói,city,51375,2088,False,515317,3303302,9969.59153,0.0406
2021-08-09,RJ,Niterói,city,51375,2088,False,515317,3303302,9969.59153,0.0406
2021-08-08,RJ,Niterói,city,51365,2087,False,515317,3303302,9967.65098,0.0406
2021-08-07,RJ,Niterói,city,51355,2087,False,515317,3303302,9965.71043,0.0406
2021-08-06,RJ,Niterói,city,42655,2047,False,515317,3303302,8277.42923,0.048
2021-08-05,RJ,Niterói,city,42655,2047,False,515317,3303302,8277.42923,0.048
2021-08-04,RJ,Niterói,city,42655,2047,False,515317,3303302,8277.42923,0.048
2021-08-03,RJ,Niterói,city,42529,2047,False,515317,3303302,8252.97826,0.0481
2021-08-02,RJ,Niterói,city,42429,2047,False,515317,3303302,8233.57273,0.0482
2021-08-01,RJ,Niterói,city,42369,2047,False,515317,3303302,8221.92941,0.0483
2021-07-31,RJ,Niterói,city,42299,2047,False,515317,3303302,8208.34554,0.0484
2021-07-30,RJ,Niterói,city,42219,2047,False,515317,3303302,8192.82112,0.0485
2021-07-29,RJ,Niterói,city,42109,2047,False,515317,3303302,8171.47503,0.0486
2021-07-28,RJ,Niterói,city,41999,2000,False,515317,3303302,8150.12895,0.0476
2021-07-27,RJ,Niterói,city,41909,2000,False,515317,3303302,8132.66397,0.0477
2021-07-26,RJ,Niterói,city,41819,2000,False,515317,3303302,8115.19899,0.0478
2021-07-25,RJ,Niterói,city,41764,2000,False,515317,3303302,8104.52595,0.0479
2021-07-24,RJ,Niterói,city,41709,1999,False,515317,3303302,8093.85291,0.0479
2021-07-23,RJ,Niterói,city,41654,1998,False,515317,3303302,8083.17987,0.048
2021-07-22,RJ,Niterói,city,41554,1977,False,515317,3303302,8063.77434,0.0476
2021-07-21,RJ,Niterói,city,41454,1931,False,515317,3303302,8044.36881,0.0466
2021-07-20,RJ,Niterói,city,41454,1931,False,515317,3303302,8044.36881,0.0466
2021-07-18,RJ,Niterói,city,41252,1926,False,515317,3303302,8005.16963,0.0467
2021-07-17,RJ,Niterói,city,41252,1926,False,515317,3303302,8005.16963,0.0467
2021-07-16,RJ,Niterói,city,41123,1924,False,515317,3303302,7980.1365,0.0468
2021-07-15,RJ,Niterói,city,41048,1924,False,515317,3303302,7965.58235,0.0469
2021-07-14,RJ,Niterói,city,40966,1897,False,515317,3303302,7949.66981,0.0463
2021-07-13,RJ,Niterói,city,40899,1897,False,515317,3303302,7936.66811,0.0464
2021-07-12,RJ,Niterói,city,40849,1897,False,515317,3303302,7926.96534,0.0464
2021-07-11,RJ,Niterói,city,40803,1897,False,515317,3303302,7918.0388,0.0465
2021-07-10,RJ,Niterói,city,40759,1897,False,515317,3303302,7909.50037,0.0465
2021-07-09,RJ,Niterói,city,40699,1897,False,515317,3303302,7897.85705,0.0466
2021-07-08,RJ,Niterói,city,40647,1897,False,515317,3303302,7887.76617,0.0467
2021-07-07,RJ,Niterói,city,40589,1877,False,515317,3303302,7876.51096,0.0462
2021-07-06,RJ,Niterói,city,40490,1877,False,515317,3303302,7857.29949,0.0464
2021-07-05,RJ,Niterói,city,40390,1874,False,515317,3303302,7837.89396,0.0464
2021-07-04,RJ,Niterói,city,40315,1872,False,515317,3303302,7823.33981,0.0464
2021-07-03,RJ,Niterói,city,40115,1872,False,515317,3303302,7784.52875,0.0467
2021-07-02,RJ,Niterói,city,40115,1872,False,515317,3303302,7784.52875,0.0467
2021-07-01,RJ,Niterói,city,40000,1872,False,515317,3303302,7762.21239,0.0468
2021-06-30,RJ,Niterói,city,39880,1868,False,515317,3303302,7738.92575,0.0468
2021-06-29,RJ,Niterói,city,39840,1868,False,515317,3303302,7731.16354,0.0469
2021-06-28,RJ,Niterói,city,39720,1868,False,515317,3303302,7707.8769,0.047
2021-06-27,RJ,Niterói,city,39652,1868,False,515317,3303302,7694.68114,0.0471
2021-06-26,RJ,Niterói,city,39580,1868,False,515317,3303302,7680.70916,0.0472
2021-06-25,RJ,Niterói,city,39515,1868,False,515317,3303302,7668.09556,0.0473
2021-06-24,RJ,Niterói,city,39509,1854,False,515317,3303302,7666.93123,0.0469
2021-06-23,RJ,Niterói,city,39287,1854,False,515317,3303302,7623.85095,0.0472
2021-06-22,RJ,Niterói,city,39287,1854,False,515317,3303302,7623.85095,0.0472
2021-06-21,RJ,Niterói,city,39235,1854,False,515317,3303302,7613.76007,0.0473
2021-06-20,RJ,Niterói,city,39192,1852,False,515317,3303302,7605.4157,0.0473
2021-06-19,RJ,Niterói,city,39150,1850,False,515317,3303302,7597.26537,0.0473
2021-06-18,RJ,Niterói,city,39106,1850,False,515317,3303302,7588.72694,0.0473
2021-06-17,RJ,Niterói,city,39054,1836,False,515317,3303302,7578.63606,0.047
2021-06-16,RJ,Niterói,city,38936,1835,False,515317,3303302,7555.73754,0.0471
2021-06-15,RJ,Niterói,city,38807,1835,False,515317,3303302,7530.7044,0.0473
2021-06-14,RJ,Niterói,city,38657,1835,False,515317,3303302,7501.5961,0.0475
2021-06-13,RJ,Niterói,city,38542,1833,False,515317,3303302,7479.27974,0.0476
2021-06-12,RJ,Niterói,city,38420,1831,False,515317,3303302,7455.605,0.0477
2021-06-11,RJ,Niterói,city,38290,1783,False,515317,3303302,7430.37781,0.0466
2021-06-10,RJ,Niterói,city,38240,1783,False,515317,3303302,7420.67504,0.0466
2021-06-09,RJ,Niterói,city,38193,1783,False,515317,3303302,7411.55444,0.0467
2021-06-08,RJ,Niterói,city,38134,1783,False,515317,3303302,7400.10518,0.0468
2021-06-07,RJ,Niterói,city,37966,1783,False,515317,3303302,7367.50389,0.047
2021-06-06,RJ,Niterói,city,37797,1783,False,515317,3303302,7334.70854,0.0472
2021-06-05,RJ,Niterói,city,37633,1783,False,515317,3303302,7302.88347,0.0474
2021-06-04,RJ,Niterói,city,37440,1783,False,515317,3303302,7265.43079,0.0476
2021-06-03,RJ,Niterói,city,37260,1780,False,515317,3303302,7230.50084,0.0478
2021-06-02,RJ,Niterói,city,37088,1769,False,515317,3303302,7197.12332,0.0477
2021-06-01,RJ,Niterói,city,36888,1747,False,515317,3303302,7158.31226,0.0474
2021-05-31,RJ,Niterói,city,36819,1747,False,515317,3303302,7144.92245,0.0474
2021-05-30,RJ,Niterói,city,36769,1747,False,515317,3303302,7135.21968,0.0475
2021-05-29,RJ,Niterói,city,36712,1747,False,515317,3303302,7124.15853,0.0476
2021-05-28,RJ,Niterói,city,36662,1747,False,515317,3303302,7114.45576,0.0477
2021-05-27,RJ,Niterói,city,36597,1747,False,515317,3303302,7101.84217,0.0477
2021-05-26,RJ,Niterói,city,36539,1747,False,515317,3303302,7090.58696,0.0478
2021-05-25,RJ,Niterói,city,36477,1714,False,515317,3303302,7078.55553,0.047
2021-05-24,RJ,Niterói,city,36292,1705,False,515317,3303302,7042.6553,0.047
2021-05-23,RJ,Niterói,city,36194,1700,False,515317,3303302,7023.63788,0.047
2021-05-22,RJ,Niterói,city,36091,1687,False,515317,3303302,7003.65018,0.0467
2021-05-21,RJ,Niterói,city,35967,1687,False,515317,3303302,6979.58732,0.0469
2021-05-20,RJ,Niterói,city,35855,1686,False,515317,3303302,6957.85313,0.047
2021-05-19,RJ,Niterói,city,35784,1678,False,515317,3303302,6944.0752,0.0469
2021-05-18,RJ,Niterói,city,35761,1678,False,515317,3303302,6939.61193,0.0469
2021-05-17,RJ,Niterói,city,35720,1634,False,515317,3303302,6931.65566,0.0457
2021-05-16,RJ,Niterói,city,35644,1634,False,515317,3303302,6916.90746,0.0458
2021-05-15,RJ,Niterói,city,35555,1634,False,515317,3303302,6899.63653,0.046
2021-05-14,RJ,Niterói,city,35477,1634,False,515317,3303302,6884.50022,0.0461
2021-05-13,RJ,Niterói,city,35397,1617,False,515317,3303302,6868.9758,0.0457
2021-05-12,RJ,Niterói,city,35305,1609,False,515317,3303302,6851.12271,0.0456
2021-05-11,RJ,Niterói,city,35220,1604,False,515317,3303302,6834.62801,0.0455
2021-05-10,RJ,Niterói,city,35054,1565,False,515317,3303302,6802.41482,0.0446
2021-05-09,RJ,Niterói,city,34978,1564,False,515317,3303302,6787.66662,0.0447
2021-05-08,RJ,Niterói,city,34902,1564,False,515317,3303302,6772.91842,0.0448
2021-05-07,RJ,Niterói,city,34826,1563,False,515317,3303302,6758.17021,0.0449
2021-05-06,RJ,Niterói,city,34750,1561,False,515317,3303302,6743.42201,0.0449
2021-05-05,RJ,Niterói,city,34674,1558,False,515317,3303302,6728.67381,0.0449
2021-05-04,RJ,Niterói,city,34597,1515,False,515317,3303302,6713.73155,0.0438
2021-05-03,RJ,Niterói,city,34484,1513,False,515317,3303302,6691.8033,0.0439
2021-05-02,RJ,Niterói,city,34371,1508,False,515317,3303302,6669.87505,0.0439
2021-05-01,RJ,Niterói,city,34258,1505,False,515317,3303302,6647.9468,0.0439
2021-04-30,RJ,Niterói,city,34145,1504,False,515317,3303302,6626.01855,0.044
2021-04-29,RJ,Niterói,city,34032,1498,False,515317,3303302,6604.0903,0.044
2021-04-28,RJ,Niterói,city,33916,1493,False,515317,3303302,6581.57988,0.044
2021-04-27,RJ,Niterói,city,33766,1451,False,515317,3303302,6552.47159,0.043
2021-04-26,RJ,Niterói,city,33710,1451,False,515317,3303302,6541.60449,0.043
2021-04-25,RJ,Niterói,city,33654,1451,False,515317,3303302,6530.73739,0.0431
2021-04-24,RJ,Niterói,city,33598,1451,False,515317,3303302,6519.87029,0.0432
2021-04-23,RJ,Niterói,city,33542,1451,False,515317,3303302,6509.0032,0.0433
2021-04-22,RJ,Niterói,city,33529,1451,False,515317,3303302,6506.48048,0.0433
2021-04-21,RJ,Niterói,city,33519,1451,False,515317,3303302,6504.53992,0.0433
2021-04-20,RJ,Niterói,city,33508,1451,False,515317,3303302,6502.40532,0.0433
2021-04-19,RJ,Niterói,city,33494,1449,False,515317,3303302,6499.68854,0.0433
2021-04-18,RJ,Niterói,city,33370,1443,False,515317,3303302,6475.62568,0.0432
2021-04-17,RJ,Niterói,city,33246,1440,False,515317,3303302,6451.56282,0.0433
2021-04-15,RJ,Niterói,city,32789,1373,False,515317,3303302,6362.87955,0.0419
2021-04-14,RJ,Niterói,city,32427,1372,False,515317,3303302,6292.63153,0.0423
2021-04-13,RJ,Niterói,city,32082,1365,False,515317,3303302,6225.68244,0.0425
2021-04-12,RJ,Niterói,city,31732,1321,False,515317,3303302,6157.76309,0.0416
2021-04-11,RJ,Niterói,city,31678,1314,False,515317,3303302,6147.2841,0.0415
2021-04-10,RJ,Niterói,city,31627,1305,False,515317,3303302,6137.38728,0.0413
2021-04-09,RJ,Niterói,city,31579,1304,False,515317,3303302,6128.07262,0.0413
2021-04-08,RJ,Niterói,city,31529,1303,False,515317,3303302,6118.36986,0.0413
2021-04-07,RJ,Niterói,city,31474,1300,False,515317,3303302,6107.69682,0.0413
2021-04-06,RJ,Niterói,city,31422,1300,False,515317,3303302,6097.60594,0.0414
2021-04-05,RJ,Niterói,city,31355,1280,False,515317,3303302,6084.60423,0.0408
2021-04-04,RJ,Niterói,city,31326,1280,False,515317,3303302,6078.97663,0.0409
2021-04-03,RJ,Niterói,city,31299,1280,False,515317,3303302,6073.73714,0.0409
2021-04-02,RJ,Niterói,city,31274,1280,False,515317,3303302,6068.88575,0.0409
2021-04-01,RJ,Niterói,city,31244,1280,False,515317,3303302,6063.06409,0.041
2021-03-31,RJ,Niterói,city,31201,1280,False,515317,3303302,6054.71972,0.041
2021-03-30,RJ,Niterói,city,31119,1248,False,515317,3303302,6038.80718,0.0401
2021-03-29,RJ,Niterói,city,31016,1248,False,515317,3303302,6018.81948,0.0402
2021-03-28,RJ,Niterói,city,30926,1248,False,515317,3303302,6001.35451,0.0404
2021-03-27,RJ,Niterói,city,30821,1248,False,515317,3303302,5980.9787,0.0405
2021-03-26,RJ,Niterói,city,30721,1248,False,515317,3303302,5961.57317,0.0406
2021-03-25,RJ,Niterói,city,30611,1248,False,515317,3303302,5940.22708,0.0408
2021-03-24,RJ,Niterói,city,30527,1207,False,515317,3303302,5923.92644,0.0395
2021-03-23,RJ,Niterói,city,30438,1207,False,515317,3303302,5906.65551,0.0397
2021-03-22,RJ,Niterói,city,30347,1207,False,515317,3303302,5888.99648,0.0398
2021-03-21,RJ,Niterói,city,30257,1207,False,515317,3303302,5871.5315,0.0399
2021-03-20,RJ,Niterói,city,30078,1159,False,515317,3303302,5836.7956,0.0385
2021-03-19,RJ,Niterói,city,30078,1159,False,515317,3303302,5836.7956,0.0385
2021-03-18,RJ,Niterói,city,30066,1159,False,515317,3303302,5834.46694,0.0385
2021-03-17,RJ,Niterói,city,30066,1159,False,515317,3303302,5834.46694,0.0385
2021-03-16,RJ,Niterói,city,30038,1159,False,515317,3303302,5829.03339,0.0386
2021-03-15,RJ,Niterói,city,29988,1159,False,515317,3303302,5819.33063,0.0386
2021-03-14,RJ,Niterói,city,29945,1159,False,515317,3303302,5810.98625,0.0387
2021-03-13,RJ,Niterói,city,29900,1159,False,515317,3303302,5802.25376,0.0388
2021-03-12,RJ,Niterói,city,29860,1158,False,515317,3303302,5794.49155,0.0388
2021-03-11,RJ,Niterói,city,29818,1158,False,515317,3303302,5786.34122,0.0388
2021-03-10,RJ,Niterói,city,29752,1116,False,515317,3303302,5773.53357,0.0375
2021-03-09,RJ,Niterói,city,29752,1116,False,515317,3303302,5773.53357,0.0375
2021-03-08,RJ,Niterói,city,29714,1116,False,515317,3303302,5766.15947,0.0376
2021-03-07,RJ,Niterói,city,29692,1116,False,515317,3303302,5761.89025,0.0376
2021-03-06,RJ,Niterói,city,29672,1116,False,515317,3303302,5758.00915,0.0376
2021-03-05,RJ,Niterói,city,29646,1104,False,515317,3303302,5752.96371,0.0372
2021-03-04,RJ,Niterói,city,29571,1104,False,515317,3303302,5738.40956,0.0373
2021-03-03,RJ,Niterói,city,29496,1103,False,515317,3303302,5723.85541,0.0374
2021-03-02,RJ,Niterói,city,29422,1072,False,515317,3303302,5709.49532,0.0364
2021-03-01,RJ,Niterói,city,29352,1072,False,515317,3303302,5695.91145,0.0365
2021-02-28,RJ,Niterói,city,29286,1072,False,515317,3303302,5683.1038,0.0366
2021-02-27,RJ,Niterói,city,29226,1072,False,515317,3303302,5671.46048,0.0367
2021-02-26,RJ,Niterói,city,29161,1042,False,515317,3303302,5658.84688,0.0357
2021-02-25,RJ,Niterói,city,29098,1042,False,515317,3303302,5646.6214,0.0358
2021-02-24,RJ,Niterói,city,29035,1042,False,515317,3303302,5634.39592,0.0359
2021-02-23,RJ,Niterói,city,28970,1018,False,515317,3303302,5621.78232,0.0351
2021-02-22,RJ,Niterói,city,28937,1018,False,515317,3303302,5615.3785,0.0352
2021-02-21,RJ,Niterói,city,28897,1018,False,515317,3303302,5607.61628,0.0352
2021-02-20,RJ,Niterói,city,28860,1017,False,515317,3303302,5600.43624,0.0352
2021-02-19,RJ,Niterói,city,28810,994,False,515317,3303302,5590.73347,0.0345
2021-02-18,RJ,Niterói,city,28750,992,False,515317,3303302,5579.09015,0.0345
2021-02-17,RJ,Niterói,city,28692,970,False,515317,3303302,5567.83494,0.0338
2021-02-16,RJ,Niterói,city,28635,970,False,515317,3303302,5556.77379,0.0339
2021-02-15,RJ,Niterói,city,28578,970,False,515317,3303302,5545.71264,0.0339
2021-02-14,RJ,Niterói,city,28521,970,False,515317,3303302,5534.65149,0.034
2021-02-13,RJ,Niterói,city,28461,927,False,515317,3303302,5523.00817,0.0326
2021-02-12,RJ,Niterói,city,28377,927,False,515317,3303302,5506.70752,0.0327
2021-02-11,RJ,Niterói,city,28293,927,False,515317,3303302,5490.40688,0.0328
2021-02-10,RJ,Niterói,city,28209,927,False,515317,3303302,5474.10623,0.0329
2021-02-09,RJ,Niterói,city,28117,916,False,515317,3303302,5456.25314,0.0326
2021-02-08,RJ,Niterói,city,28050,916,False,515317,3303302,5443.25144,0.0327
2021-02-07,RJ,Niterói,city,27990,916,False,515317,3303302,5431.60812,0.0327
2021-02-06,RJ,Niterói,city,27927,916,False,515317,3303302,5419.38263,0.0328
2021-02-05,RJ,Niterói,city,27862,885,False,515317,3303302,5406.76904,0.0318
2021-02-04,RJ,Niterói,city,27792,885,False,515317,3303302,5393.18517,0.0318
2021-02-03,RJ,Niterói,city,27720,885,False,515317,3303302,5379.21318,0.0319
2021-02-02,RJ,Niterói,city,27646,854,False,515317,3303302,5364.85309,0.0309
2021-02-01,RJ,Niterói,city,27570,854,False,515317,3303302,5350.10489,0.031
2021-01-31,RJ,Niterói,city,27500,854,False,515317,3303302,5336.52102,0.0311
2021-01-30,RJ,Niterói,city,27446,854,False,515317,3303302,5326.04203,0.0311
2021-01-29,RJ,Niterói,city,27317,823,False,515317,3303302,5301.00889,0.0301
2021-01-28,RJ,Niterói,city,27217,823,False,515317,3303302,5281.60336,0.0302
2021-01-27,RJ,Niterói,city,27119,823,False,515317,3303302,5262.58594,0.0303
2021-01-26,RJ,Niterói,city,27018,802,False,515317,3303302,5242.98636,0.0297
2021-01-25,RJ,Niterói,city,26918,802,False,515317,3303302,5223.58083,0.0298
2021-01-24,RJ,Niterói,city,26818,802,False,515317,3303302,5204.17529,0.0299
2021-01-23,RJ,Niterói,city,26718,802,False,515317,3303302,5184.76976,0.03
2021-01-22,RJ,Niterói,city,26555,758,False,515317,3303302,5153.13875,0.0285
2021-01-21,RJ,Niterói,city,26455,758,False,515317,3303302,5133.73322,0.0287
2021-01-20,RJ,Niterói,city,26355,758,False,515317,3303302,5114.32769,0.0288
2021-01-19,RJ,Niterói,city,26204,751,False,515317,3303302,5085.02533,0.0287
2021-01-18,RJ,Niterói,city,26005,751,False,515317,3303302,5046.40833,0.0289
2021-01-17,RJ,Niterói,city,25805,751,False,515317,3303302,5007.59727,0.0291
2021-01-16,RJ,Niterói,city,25605,751,False,515317,3303302,4968.7862,0.0293
2021-01-13,RJ,Niterói,city,25105,733,False,515317,3303302,4871.75855,0.0292
2021-01-12,RJ,Niterói,city,24950,720,False,515317,3303302,4841.67998,0.0289
2021-01-11,RJ,Niterói,city,24794,719,False,515317,3303302,4811.40735,0.029
2021-01-10,RJ,Niterói,city,24638,719,False,515317,3303302,4781.13472,0.0292
2021-01-09,RJ,Niterói,city,24480,719,False,515317,3303302,4750.47398,0.0294
2021-01-08,RJ,Niterói,city,24280,706,False,515317,3303302,4711.66292,0.0291
2021-01-07,RJ,Niterói,city,23996,706,False,515317,3303302,4656.55121,0.0294
2021-01-06,RJ,Niterói,city,23712,706,False,515317,3303302,4601.4395,0.0298
2021-01-05,RJ,Niterói,city,23412,690,False,515317,3303302,4543.22291,0.0295
2021-01-04,RJ,Niterói,city,23304,690,False,515317,3303302,4522.26494,0.0296
2021-01-03,RJ,Niterói,city,23196,690,False,515317,3303302,4501.30696,0.0297
2021-01-02,RJ,Niterói,city,23088,690,False,515317,3303302,4480.34899,0.0299
2021-01-01,RJ,Niterói,city,22980,690,False,515317,3303302,4459.39102,0.03
2020-12-31,RJ,Niterói,city,22872,690,False,515317,3303302,4438.43304,0.0302
2020-12-30,RJ,Niterói,city,22764,690,False,515317,3303302,4417.47507,0.0303
2020-12-29,RJ,Niterói,city,22760,675,False,515317,3303302,4416.69885,0.0297
2020-12-28,RJ,Niterói,city,22692,675,False,515317,3303302,4403.50309,0.0297
2020-12-27,RJ,Niterói,city,22624,675,False,515317,3303302,4390.30733,0.0298
2020-12-26,RJ,Niterói,city,22556,675,False,515317,3303302,4377.11156,0.0299
2020-12-25,RJ,Niterói,city,22488,675,False,515317,3303302,4363.9158,0.03
2020-12-24,RJ,Niterói,city,22420,675,False,515317,3303302,4350.72004,0.0301
2020-12-23,RJ,Niterói,city,22241,786,False,515317,3303302,4315.98414,0.0353
2020-12-22,RJ,Niterói,city,22141,665,False,515317,3303302,4296.57861,0.03
2020-12-21,RJ,Niterói,city,21970,665,False,515317,3303302,4263.39515,0.0303
2020-12-20,RJ,Niterói,city,21799,664,False,515317,3303302,4230.21169,0.0305
2020-12-19,RJ,Niterói,city,21628,664,False,515317,3303302,4197.02824,0.0307
2020-12-18,RJ,Niterói,city,21428,642,False,515317,3303302,4158.21718,0.03
2020-12-17,RJ,Niterói,city,21328,642,False,515317,3303302,4138.81164,0.0301
2020-12-16,RJ,Niterói,city,21228,642,False,515317,3303302,4119.40611,0.0302
2020-12-15,RJ,Niterói,city,21117,634,False,515317,3303302,4097.86597,0.03
2020-12-14,RJ,Niterói,city,20902,634,False,515317,3303302,4056.14408,0.0303
2020-12-13,RJ,Niterói,city,20687,634,False,515317,3303302,4014.42219,0.0306
2020-12-12,RJ,Niterói,city,20470,634,False,515317,3303302,3972.31219,0.031
2020-12-11,RJ,Niterói,city,20170,618,False,515317,3303302,3914.0956,0.0306
2020-12-10,RJ,Niterói,city,19974,618,False,515317,3303302,3876.06075,0.0309
2020-12-09,RJ,Niterói,city,19778,618,False,515317,3303302,3838.02591,0.0312
2020-12-08,RJ,Niterói,city,19577,610,False,515317,3303302,3799.0208,0.0312
2020-12-07,RJ,Niterói,city,19431,610,False,515317,3303302,3770.68872,0.0314
2020-12-06,RJ,Niterói,city,19285,610,False,515317,3303302,3742.35665,0.0316
2020-12-05,RJ,Niterói,city,19139,610,False,515317,3303302,3714.02457,0.0319
2020-12-04,RJ,Niterói,city,18939,599,False,515317,3303302,3675.21351,0.0316
2020-12-03,RJ,Niterói,city,18775,599,False,515317,3303302,3643.38844,0.0319
2020-12-02,RJ,Niterói,city,18610,599,False,515317,3303302,3611.36931,0.0322
2020-12-01,RJ,Niterói,city,18411,592,False,515317,3303302,3572.75231,0.0322
2020-11-30,RJ,Niterói,city,18321,592,False,515317,3303302,3555.28733,0.0323
2020-11-29,RJ,Niterói,city,18231,592,False,515317,3303302,3537.82235,0.0325
2020-11-28,RJ,Niterói,city,18141,592,False,515317,3303302,3520.35737,0.0326
2020-11-27,RJ,Niterói,city,18028,573,False,515317,3303302,3498.42912,0.0318
2020-11-26,RJ,Niterói,city,17758,573,False,515317,3303302,3446.03419,0.0323
2020-11-25,RJ,Niterói,city,17489,573,False,515317,3303302,3393.83331,0.0328
2020-11-24,RJ,Niterói,city,17389,554,False,515317,3303302,3374.42778,0.0319
2020-11-23,RJ,Niterói,city,17359,554,False,515317,3303302,3368.60612,0.0319
2020-11-22,RJ,Niterói,city,17332,554,False,515317,3303302,3363.36663,0.032
2020-11-21,RJ,Niterói,city,17305,554,False,515317,3303302,3358.12713,0.032
2020-11-20,RJ,Niterói,city,17278,554,False,515317,3303302,3352.88764,0.0321
2020-11-19,RJ,Niterói,city,17251,554,False,515317,3303302,3347.64815,0.0321
2020-11-18,RJ,Niterói,city,17224,554,False,515317,3303302,3342.40865,0.0322
2020-11-17,RJ,Niterói,city,17122,538,False,515317,3303302,3322.61501,0.0314
2020-11-16,RJ,Niterói,city,17083,538,False,515317,3303302,3315.04685,0.0315
2020-11-15,RJ,Niterói,city,17046,538,False,515317,3303302,3307.86681,0.0316
2020-11-14,RJ,Niterói,city,17009,538,False,515317,3303302,3300.68676,0.0316
2020-11-13,RJ,Niterói,city,16729,532,False,515317,3303302,3246.35128,0.0318
2020-11-12,RJ,Niterói,city,16729,532,False,515317,3303302,3246.35128,0.0318
2020-11-11,RJ,Niterói,city,16729,532,False,515317,3303302,3246.35128,0.0318
2020-11-10,RJ,Niterói,city,16530,532,False,515317,3303302,3207.73427,0.0322
2020-11-09,RJ,Niterói,city,16445,532,False,515317,3303302,3191.23957,0.0324
2020-11-08,RJ,Niterói,city,16365,532,False,515317,3303302,3175.71514,0.0325
2020-11-07,RJ,Niterói,city,16285,532,False,515317,3303302,3160.19072,0.0327
2020-11-06,RJ,Niterói,city,16205,520,False,515317,3303302,3144.66629,0.0321
2020-11-05,RJ,Niterói,city,16135,520,False,515317,3303302,3131.08242,0.0322
2020-11-04,RJ,Niterói,city,16067,520,False,515317,3303302,3117.88666,0.0324
2020-11-03,RJ,Niterói,city,15999,513,False,515317,3303302,3104.6909,0.0321
2020-11-02,RJ,Niterói,city,15910,513,False,515317,3303302,3087.41998,0.0322
2020-11-01,RJ,Niterói,city,15824,513,False,515317,3303302,3070.73122,0.0324
2020-10-31,RJ,Niterói,city,15738,513,False,515317,3303302,3054.04246,0.0326
2020-10-30,RJ,Niterói,city,15652,513,False,515317,3303302,3037.35371,0.0328
2020-10-29,RJ,Niterói,city,15566,500,False,515317,3303302,3020.66495,0.0321
2020-10-28,RJ,Niterói,city,15488,500,False,515317,3303302,3005.52864,0.0323
2020-10-27,RJ,Niterói,city,15412,500,False,515317,3303302,2990.78043,0.0324
2020-10-26,RJ,Niterói,city,15336,489,False,515317,3303302,2976.03223,0.0319
2020-10-25,RJ,Niterói,city,15156,489,False,515317,3303302,2941.10227,0.0323
2020-10-24,RJ,Niterói,city,15156,489,False,515317,3303302,2941.10227,0.0323
2020-10-23,RJ,Niterói,city,15066,485,False,515317,3303302,2923.6373,0.0322
2020-10-22,RJ,Niterói,city,14994,485,False,515317,3303302,2909.66531,0.0323
2020-10-21,RJ,Niterói,city,14924,485,False,515317,3303302,2896.08144,0.0325
2020-10-20,RJ,Niterói,city,14854,472,False,515317,3303302,2882.49757,0.0318
2020-10-19,RJ,Niterói,city,14742,472,False,515317,3303302,2860.76337,0.032
2020-10-18,RJ,Niterói,city,14630,472,False,515317,3303302,2839.02918,0.0323
2020-10-17,RJ,Niterói,city,14406,459,False,515317,3303302,2795.56079,0.0319
2020-10-16,RJ,Niterói,city,14406,459,False,515317,3303302,2795.56079,0.0319
2020-10-15,RJ,Niterói,city,14366,459,False,515317,3303302,2787.79858,0.032
2020-10-14,RJ,Niterói,city,14326,459,False,515317,3303302,2780.03637,0.032
2020-10-13,RJ,Niterói,city,14284,452,False,515317,3303302,2771.88604,0.0316
2020-10-12,RJ,Niterói,city,14206,452,False,515317,3303302,2756.74973,0.0318
2020-10-11,RJ,Niterói,city,14128,452,False,515317,3303302,2741.61341,0.032
2020-10-10,RJ,Niterói,city,14050,452,False,515317,3303302,2726.4771,0.0322
2020-10-09,RJ,Niterói,city,13972,445,False,515317,3303302,2711.34079,0.0318
2020-10-08,RJ,Niterói,city,13906,445,False,515317,3303302,2698.53314,0.032
2020-10-07,RJ,Niterói,city,13840,445,False,515317,3303302,2685.72549,0.0322
2020-10-06,RJ,Niterói,city,13774,444,False,515317,3303302,2672.91784,0.0322
2020-10-05,RJ,Niterói,city,13696,444,False,515317,3303302,2657.78152,0.0324
2020-10-04,RJ,Niterói,city,13616,444,False,515317,3303302,2642.2571,0.0326
2020-10-03,RJ,Niterói,city,13536,444,False,515317,3303302,2626.73267,0.0328
2020-10-02,RJ,Niterói,city,13456,423,False,515317,3303302,2611.20825,0.0314
2020-10-01,RJ,Niterói,city,13378,423,False,515317,3303302,2596.07193,0.0316
2020-09-30,RJ,Niterói,city,13298,423,False,515317,3303302,2580.54751,0.0318
2020-09-29,RJ,Niterói,city,13218,420,False,515317,3303302,2565.02308,0.0318
2020-09-28,RJ,Niterói,city,13146,420,False,515317,3303302,2551.0511,0.0319
2020-09-27,RJ,Niterói,city,13086,420,False,515317,3303302,2539.40778,0.0321
2020-09-26,RJ,Niterói,city,13026,420,False,515317,3303302,2527.76446,0.0322
2020-09-25,RJ,Niterói,city,12966,415,False,515317,3303302,2516.12114,0.032
2020-09-24,RJ,Niterói,city,12890,415,False,515317,3303302,2501.37294,0.0322
2020-09-23,RJ,Niterói,city,12811,415,False,515317,3303302,2486.04257,0.0324
2020-09-22,RJ,Niterói,city,12737,413,False,515317,3303302,2471.68248,0.0324
2020-09-21,RJ,Niterói,city,12395,413,False,515317,3303302,2405.31556,0.0333
2020-09-20,RJ,Niterói,city,12395,413,False,515317,3303302,2405.31556,0.0333
2020-09-19,RJ,Niterói,city,12395,413,False,515317,3303302,2405.31556,0.0333
2020-09-18,RJ,Niterói,city,12280,409,False,515317,3303302,2382.9992,0.0333
2020-09-17,RJ,Niterói,city,12255,409,False,515317,3303302,2378.14782,0.0334
2020-09-16,RJ,Niterói,city,12225,409,False,515317,3303302,2372.32616,0.0335
2020-09-15,RJ,Niterói,city,12195,409,False,515317,3303302,2366.5045,0.0335
2020-09-14,RJ,Niterói,city,12165,395,False,515317,3303302,2360.68284,0.0325
2020-09-13,RJ,Niterói,city,12073,395,False,515317,3303302,2342.82975,0.0327
2020-09-12,RJ,Niterói,city,11973,395,False,515317,3303302,2323.42422,0.033
2020-09-11,RJ,Niterói,city,11873,394,False,515317,3303302,2304.01869,0.0332
2020-09-10,RJ,Niterói,city,11817,394,False,515317,3303302,2293.15159,0.0333
2020-09-09,RJ,Niterói,city,11747,394,False,515317,3303302,2279.56772,0.0335
2020-09-08,RJ,Niterói,city,11677,390,False,515317,3303302,2265.98385,0.0334
2020-09-07,RJ,Niterói,city,11637,390,False,515317,3303302,2258.22164,0.0335
2020-09-06,RJ,Niterói,city,11637,390,False,515317,3303302,2258.22164,0.0335
2020-09-05,RJ,Niterói,city,11889,379,False,515317,3303302,2307.12358,0.0319
2020-09-04,RJ,Niterói,city,11889,379,False,515317,3303302,2307.12358,0.0319
2020-09-03,RJ,Niterói,city,11480,379,False,515317,3303302,2227.75495,0.033
2020-09-02,RJ,Niterói,city,11302,371,False,515317,3303302,2193.21311,0.0328
2020-09-01,RJ,Niterói,city,11256,371,False,515317,3303302,2184.28657,0.033
2020-08-31,RJ,Niterói,city,11130,365,False,515317,3303302,2159.8356,0.0328
2020-08-30,RJ,Niterói,city,11110,365,False,515317,3303302,2155.95449,0.0329
2020-08-29,RJ,Niterói,city,11085,365,False,515317,3303302,2151.10311,0.0329
2020-08-27,RJ,Niterói,city,10852,358,False,515317,3303302,2105.88822,0.033
2020-08-26,RJ,Niterói,city,10606,353,False,515317,3303302,2058.15061,0.0333
2020-08-25,RJ,Niterói,city,10606,353,False,515317,3303302,2058.15061,0.0333
2020-08-24,RJ,Niterói,city,10432,347,False,515317,3303302,2024.38499,0.0333
2020-08-23,RJ,Niterói,city,10432,347,False,515317,3303302,2024.38499,0.0333
2020-08-22,RJ,Niterói,city,10429,347,False,515317,3303302,2023.80282,0.0333
2020-08-21,RJ,Niterói,city,10314,342,False,515317,3303302,2001.48646,0.0332
2020-08-20,RJ,Niterói,city,10314,342,False,515317,3303302,2001.48646,0.0332
2020-08-19,RJ,Niterói,city,10134,330,False,515317,3303302,1966.55651,0.0326
2020-08-18,RJ,Niterói,city,10134,330,False,515317,3303302,1966.55651,0.0326
2020-08-17,RJ,Niterói,city,9973,330,False,515317,3303302,1935.3136,0.0331
2020-08-16,RJ,Niterói,city,9973,330,False,515317,3303302,1935.3136,0.0331
2020-08-15,RJ,Niterói,city,9953,330,False,515317,3303302,1931.4325,0.0332
2020-08-14,RJ,Niterói,city,9930,325,False,515317,3303302,1926.96922,0.0327
2020-08-13,RJ,Niterói,city,9718,320,False,515317,3303302,1885.8295,0.0329
2020-08-12,RJ,Niterói,city,9599,314,False,515317,3303302,1862.73692,0.0327
2020-08-11,RJ,Niterói,city,9599,314,False,515317,3303302,1862.73692,0.0327
2020-08-10,RJ,Niterói,city,9380,310,False,515317,3303302,1820.2388,0.033
2020-08-09,RJ,Niterói,city,9380,310,False,515317,3303302,1820.2388,0.033
2020-08-08,RJ,Niterói,city,9290,310,False,515317,3303302,1802.77383,0.0334
2020-08-07,RJ,Niterói,city,9079,309,False,515317,3303302,1761.82816,0.034
2020-08-06,RJ,Niterói,city,9079,309,False,515317,3303302,1761.82816,0.034
2020-08-05,RJ,Niterói,city,9079,309,False,515317,3303302,1761.82816,0.034
2020-08-04,RJ,Niterói,city,9079,309,False,515317,3303302,1761.82816,0.034
2020-08-03,RJ,Niterói,city,9079,309,False,515317,3303302,1761.82816,0.034
2020-08-02,RJ,Niterói,city,9079,309,False,515317,3303302,1761.82816,0.034
2020-08-01,RJ,Niterói,city,9079,309,False,515317,3303302,1761.82816,0.034
2020-07-31,RJ,Niterói,city,9079,309,False,515317,3303302,1761.82816,0.034
2020-07-30,RJ,Niterói,city,8980,300,False,515317,3303302,1742.61668,0.0334
2020-07-29,RJ,Niterói,city,8899,293,False,515317,3303302,1726.8982,0.0329
2020-07-28,RJ,Niterói,city,8805,294,False,515317,3303302,1708.657,0.0334
2020-07-27,RJ,Niterói,city,8693,292,False,515317,3303302,1686.92281,0.0336
2020-07-26,RJ,Niterói,city,8682,292,False,515317,3303302,1684.7882,0.0336
2020-07-25,RJ,Niterói,city,8682,292,False,515317,3303302,1684.7882,0.0336
2020-07-24,RJ,Niterói,city,8573,283,False,515317,3303302,1663.63617,0.033
2020-07-23,RJ,Niterói,city,8455,273,False,515317,3303302,1640.73764,0.0323
2020-07-22,RJ,Niterói,city,8321,271,False,515317,3303302,1614.73423,0.0326
2020-07-21,RJ,Niterói,city,8227,271,False,515317,3303302,1596.49303,0.0329
2020-07-20,RJ,Niterói,city,8007,270,False,515317,3303302,1553.80086,0.0337
2020-07-19,RJ,Niterói,city,7725,270,False,515317,3303302,1499.07727,0.035
2020-07-17,RJ,Niterói,city,7463,261,False,515317,3303302,1448.23478,0.035
2020-07-16,RJ,Niterói,city,7463,261,False,515317,3303302,1448.23478,0.035
2020-07-15,RJ,Niterói,city,7457,255,False,515317,3303302,1447.07044,0.0342
2020-07-14,RJ,Niterói,city,7294,254,False,515317,3303302,1415.43943,0.0348
2020-07-13,RJ,Niterói,city,7267,242,False,515317,3303302,1410.19994,0.0333
2020-07-12,RJ,Niterói,city,7139,242,False,515317,3303302,1385.36086,0.0339
2020-07-11,RJ,Niterói,city,7139,242,False,515317,3303302,1385.36086,0.0339
2020-07-10,RJ,Niterói,city,7126,238,False,515317,3303302,1382.83814,0.0334
2020-07-09,RJ,Niterói,city,6969,234,False,515317,3303302,1352.37145,0.0336
2020-07-08,RJ,Niterói,city,6911,232,False,515317,3303302,1341.11624,0.0336
2020-07-07,RJ,Niterói,city,6809,232,False,515317,3303302,1321.3226,0.0341
2020-07-06,RJ,Niterói,city,6722,232,False,515317,3303302,1304.43979,0.0345
2020-07-05,RJ,Niterói,city,6701,232,False,515317,3303302,1300.36463,0.0346
2020-07-04,RJ,Niterói,city,6377,231,False,515317,3303302,1237.49071,0.0362
2020-07-03,RJ,Niterói,city,6377,208,False,515317,3303302,1237.49071,0.0326
2020-07-02,RJ,Niterói,city,6377,208,False,515317,3303302,1237.49071,0.0326
2020-07-01,RJ,Niterói,city,6377,208,False,515317,3303302,1237.49071,0.0326
2020-06-30,RJ,Niterói,city,6377,230,False,515317,3303302,1237.49071,0.0361
2020-06-29,RJ,Niterói,city,6357,185,False,515317,3303302,1233.6096,0.0291
2020-06-28,RJ,Niterói,city,6346,185,False,515317,3303302,1231.475,0.0292
2020-06-27,RJ,Niterói,city,6121,184,False,515317,3303302,1187.81255,0.0301
2020-06-26,RJ,Niterói,city,6105,183,False,515317,3303302,1184.70767,0.03
2020-06-25,RJ,Niterói,city,5922,184,False,515317,3303302,1149.19554,0.0311
2020-06-24,RJ,Niterói,city,5694,184,False,515317,3303302,1104.95093,0.0323
2020-06-23,RJ,Niterói,city,5540,179,False,515317,3303302,1075.06642,0.0323
2020-06-22,RJ,Niterói,city,5426,176,False,515317,3303302,1052.94411,0.0324
2020-06-21,RJ,Niterói,city,5370,175,False,515317,3303302,1042.07701,0.0326
2020-06-20,RJ,Niterói,city,5347,175,False,515317,3303302,1037.61374,0.0327
2020-06-19,RJ,Niterói,city,5219,172,False,515317,3303302,1012.77466,0.033
2020-06-18,RJ,Niterói,city,4843,170,False,515317,3303302,939.80986,0.0351
2020-06-17,RJ,Niterói,city,4839,166,False,515317,3303302,939.03364,0.0343
2020-06-16,RJ,Niterói,city,4719,155,False,515317,3303302,915.74701,0.0328
2020-06-15,RJ,Niterói,city,4671,146,False,515317,3303302,906.43235,0.0313
2020-06-14,RJ,Niterói,city,4572,146,False,515317,3303302,887.22088,0.0319
2020-06-13,RJ,Niterói,city,4515,146,False,515317,3303302,876.15972,0.0323
2020-06-12,RJ,Niterói,city,4413,144,False,515317,3303302,856.36608,0.0326
2020-06-11,RJ,Niterói,city,4285,143,False,515317,3303302,831.527,0.0334
2020-06-10,RJ,Niterói,city,4288,135,False,515317,3303302,832.10917,0.0315
2020-06-09,RJ,Niterói,city,4327,134,False,515317,3303302,839.67732,0.031
2020-06-08,RJ,Niterói,city,4186,126,False,515317,3303302,812.31553,0.0301
2020-06-07,RJ,Niterói,city,3915,126,False,515317,3303302,759.72654,0.0322
2020-06-06,RJ,Niterói,city,3586,126,False,515317,3303302,695.88234,0.0351
2020-06-05,RJ,Niterói,city,3506,127,False,515317,3303302,680.35792,0.0362
2020-06-04,RJ,Niterói,city,3447,127,False,515317,3303302,668.90865,0.0368
2020-06-03,RJ,Niterói,city,3357,122,False,515317,3303302,651.44367,0.0363
2020-06-02,RJ,Niterói,city,3252,113,False,515317,3303302,631.06787,0.0347
2020-06-01,RJ,Niterói,city,3086,104,False,515317,3303302,598.85469,0.0337
2020-05-31,RJ,Niterói,city,3065,104,False,515317,3303302,594.77952,0.0339
2020-05-30,RJ,Niterói,city,3050,104,False,515317,3303302,591.86869,0.0341
2020-05-29,RJ,Niterói,city,2747,102,False,515317,3303302,533.06994,0.0371
2020-05-28,RJ,Niterói,city,2293,99,False,515317,3303302,444.96883,0.0432
2020-05-27,RJ,Niterói,city,1692,92,False,515317,3303302,328.34158,0.0544
2020-05-26,RJ,Niterói,city,1692,92,False,515317,3303302,328.34158,0.0544
2020-05-25,RJ,Niterói,city,2041,89,False,515317,3303302,396.06689,0.0436
2020-05-24,RJ,Niterói,city,1983,89,False,515317,3303302,384.81168,0.0449
2020-05-23,RJ,Niterói,city,1983,89,False,515317,3303302,384.81168,0.0449
2020-05-22,RJ,Niterói,city,1982,88,False,515317,3303302,384.61762,0.0444
2020-05-21,RJ,Niterói,city,1968,65,False,515317,3303302,381.90085,0.033
2020-05-20,RJ,Niterói,city,1968,65,False,515317,3303302,381.90085,0.033
2020-05-19,RJ,Niterói,city,1968,65,False,515317,3303302,381.90085,0.033
2020-05-18,RJ,Niterói,city,1968,65,False,515317,3303302,381.90085,0.033
2020-05-17,RJ,Niterói,city,1188,65,False,515317,3303302,230.53771,0.0547
2020-05-16,RJ,Niterói,city,1188,65,False,515317,3303302,230.53771,0.0547
2020-05-15,RJ,Niterói,city,790,56,False,515317,3303302,153.30369,0.0709
2020-05-14,RJ,Niterói,city,779,45,False,515317,3303302,151.16909,0.0578
2020-05-13,RJ,Niterói,city,779,45,False,515317,3303302,151.16909,0.0578
2020-05-12,RJ,Niterói,city,779,45,False,515317,3303302,151.16909,0.0578
2020-05-11,RJ,Niterói,city,779,45,False,515317,3303302,151.16909,0.0578
2020-05-10,RJ,Niterói,city,756,43,False,515317,3303302,146.70581,0.0569
2020-05-09,RJ,Niterói,city,629,39,False,515317,3303302,122.06079,0.062
2020-05-08,RJ,Niterói,city,630,40,False,515317,3303302,122.25485,0.0635
2020-05-07,RJ,Niterói,city,524,35,False,515317,3303302,101.68498,0.0668
2020-05-06,RJ,Niterói,city,500,33,False,515317,3303302,97.02765,0.066
2020-05-05,RJ,Niterói,city,458,31,False,515317,3303302,88.87733,0.0677
2020-05-04,RJ,Niterói,city,436,27,False,515317,3303302,84.60812,0.0619
2020-05-03,RJ,Niterói,city,422,27,False,515317,3303302,81.89134,0.064
2020-05-02,RJ,Niterói,city,410,26,False,515317,3303302,79.56268,0.0634
2020-05-01,RJ,Niterói,city,406,26,False,515317,3303302,78.78646,0.064
2020-04-30,RJ,Niterói,city,344,25,False,515317,3303302,66.75503,0.0727
2020-04-29,RJ,Niterói,city,282,20,False,515317,3303302,54.7236,0.0709
2020-04-28,RJ,Niterói,city,282,20,False,515317,3303302,54.7236,0.0709
2020-04-27,RJ,Niterói,city,266,20,False,515317,3303302,51.61871,0.0752
2020-04-26,RJ,Niterói,city,260,19,False,515317,3303302,50.45438,0.0731
2020-04-25,RJ,Niterói,city,254,17,False,515317,3303302,49.29005,0.0669
2020-04-24,RJ,Niterói,city,249,17,False,515317,3303302,48.31977,0.0683
2020-04-23,RJ,Niterói,city,239,16,False,515317,3303302,46.37922,0.0669
2020-04-22,RJ,Niterói,city,239,16,False,515317,3303302,46.37922,0.0669
2020-04-21,RJ,Niterói,city,233,16,False,515317,3303302,45.21489,0.0687
2020-04-20,RJ,Niterói,city,214,16,False,515317,3303302,41.52784,0.0748
2020-04-19,RJ,Niterói,city,212,14,False,515317,3303302,41.13973,0.066
2020-04-18,RJ,Niterói,city,199,14,False,515317,3303302,38.61701,0.0704
2020-04-17,RJ,Niterói,city,185,14,False,515317,3303302,35.90023,0.0757
2020-04-16,RJ,Niterói,city,167,11,False,515317,3303302,32.40724,0.0659
2020-04-15,RJ,Niterói,city,167,11,False,515317,3303302,32.40724,0.0659
2020-04-14,RJ,Niterói,city,148,10,False,515317,3303302,28.72019,0.0676
2020-04-13,RJ,Niterói,city,124,7,False,515317,3303302,24.06286,0.0565
2020-04-12,RJ,Niterói,city,120,6,False,515317,3303302,23.28664,0.05
2020-04-11,RJ,Niterói,city,120,6,False,515317,3303302,23.28664,0.05
2020-04-10,RJ,Niterói,city,117,5,False,515317,3303302,22.70447,0.0427
2020-04-09,RJ,Niterói,city,117,5,False,515317,3303302,22.70447,0.0427
2020-04-08,RJ,Niterói,city,106,2,False,515317,3303302,20.56986,0.0189
2020-04-07,RJ,Niterói,city,94,2,False,515317,3303302,18.2412,0.0213
2020-04-06,RJ,Niterói,city,92,2,False,515317,3303302,17.85309,0.0217
2020-04-05,RJ,Niterói,city,87,2,False,515317,3303302,16.88281,0.023
2020-04-04,RJ,Niterói,city,79,2,False,515317,3303302,15.33037,0.0253
2020-04-03,RJ,Niterói,city,65,1,False,515317,3303302,12.6136,0.0154
2020-04-02,RJ,Niterói,city,63,1,False,515317,3303302,12.22548,0.0159
2020-04-01,RJ,Niterói,city,62,1,False,515317,3303302,12.03143,0.0161
2020-03-31,RJ,Niterói,city,57,1,False,515317,3303302,11.06115,0.0175
2020-03-30,RJ,Niterói,city,47,1,False,515317,3303302,9.1206,0.0213
2020-03-29,RJ,Niterói,city,39,1,False,515317,3303302,7.56816,0.0256
2020-03-28,RJ,Niterói,city,37,1,False,515317,3303302,7.18005,0.027
2020-03-27,RJ,Niterói,city,36,1,False,515317,3303302,6.98599,0.0278
2020-03-26,RJ,Niterói,city,31,1,False,515317,3303302,6.01571,0.0323
2020-03-25,RJ,Niterói,city,19,1,False,515317,3303302,3.68705,0.0526
2020-03-24,RJ,Niterói,city,12,1,False,515317,3303302,2.32866,0.0833
2020-03-23,RJ,Niterói,city,10,1,False,515317,3303302,1.94055,0.1
2020-03-22,RJ,Niterói,city,10,1,False,515317,3303302,1.94055,0.1
2020-03-21,RJ,Niterói,city,10,1,False,515317,3303302,1.94055,0.1
2020-03-19,RJ,Niterói,city,7,1,False,515317,3303302,1.35839,0.1429
2020-03-18,RJ,Niterói,city,6,0,False,515317,3303302,1.16433,0.0
2020-03-16,RJ,Niterói,city,1,0,False,515317,3303302,0.19406,0.0
2020-03-15,RJ,Niterói,city,1,0,False,515317,3303302,0.19406,0.0
2020-03-12,RJ,Niterói,city,1,0,False,515317,3303302,0.19406,0.0
